   16048383, 8.084, 0.014
   17336696, 8.854, 0.005
  245794704, 8.950, 0.030
   17409930, 8.999, 0.046
   18585208, 9.060, 0.030
  245873351, 9.344, 0.004
   15939295, 9.380, 0.030
   17335733, 9.390, 0.030
   15902489, 9.413, 0.005
  245940624, 9.470, 0.030
   60005364, 9.555, 0.031
  245824893, 9.530, 0.030
  436614427, 9.600, 0.030
   17383020, 9.990, 0.030
   14331880,10.120, 0.030
  242944633,10.120, 0.030
  440701014,10.057, 0.057
   18799303,10.290, 0.030
  245795626,10.260, 0.034
   59873985,10.606, 0.005
   61257910,10.690, 0.030
  436648713,10.691, 0.012
  245792696,10.669, 0.023
   17144636,10.694, 0.046
  245829484,10.906, 0.057
   15756558,11.410, 0.030
  436633864,11.103, 0.032
  436655312,11.676, 0.053
  245791900,12.131, 0.044
  293894139,12.082, 0.120
  436635454,12.422, 0.016
   17409372,12.728, 0.016
  435880145,14.465, 0.087
   67769328,14.670, 0.200
  245820477,14.714, 0.026
   26113064,16.670, 0.200
  434164859,15.482, 0.056
  427736349,11.211, 0.024
  427736055,,
   14079970,17.790, 0.200
   14108034,14.295, 0.270
  242985065,16.630, 0.200
  125757128,11.563, 0.057
   14224878,13.066, 0.046
  242987694,15.870, 0.200
   14226171,16.850, 0.200
   14229343,16.130, 0.200
  242991771,14.812, 0.080
  243030731,17.760, 0.200
   14364519,16.470, 0.200
   15816041,16.095, 0.144
   15902373,12.861, 0.043
   16004516,16.173, 0.117
  434226736,16.210, 0.200
  434228557,15.039, 0.076
  434239028,15.810, 0.200
  435881860,12.550, 0.016
  435882484,15.653, 0.080
  435882186,15.035, 0.060
   17147557, 9.446, 0.004
   17150486,15.910, 0.200
   17228250,14.014, 0.099
   17233315,15.370, 0.200
   17283750,15.538, 0.011
  435920675,15.660, 0.022
   17294045,16.270, 0.200
   17310668,14.811, 0.061
   61225027,15.328, 0.047
   17382700,16.920, 0.200
   17339381,15.241, 0.028
   17339419,10.860, 0.046
   17382436,17.240, 0.200
   17383582,16.880, 0.200
   17409889,10.882, 0.057
   17410667,14.821, 0.036
   60875521,15.560, 0.200
   17448232,16.450, 0.200
   17451153,11.395, 0.074
  267953775,16.440, 0.200
   17512898,16.410, 0.200
  245786563,16.210, 0.200
   17518225,10.100, 0.009
   17518112,14.222, 0.019
  268074162,17.860, 0.200
  245790973,11.074, 0.039
  456892137,14.314, 0.010
   17560029,13.310, 0.050
  456892725,12.540, 0.200
   18310799,11.101, 0.057
  245800181,12.834, 0.051
   18312371,18.340, 0.200
  456941121,13.290, 0.200
  245820525,17.280, 0.200
  456941299,15.130, 0.200
  268281788,16.550, 0.200
  245823882,15.610, 0.200
  245830739,15.457, 0.057
  397350435,15.076, 0.058
  268397016,17.200, 0.200
  245837275, 9.381, 0.004
   61259276,15.454, 0.056
   61259481,17.080, 0.200
  245861520,15.090, 0.047
  245863402, 9.647, 0.005
  245863716,12.375, 0.032
  118448723,11.440, 0.100
  268510484,14.610, 0.200
  118520260,16.830, 0.200
  245869850,16.770, 0.200
  118524121,15.930, 0.200
  245873780,10.709, 0.023
  118524842,13.576, 0.020
  118551425,14.727, 0.033
  118555867,14.381, 0.025
  118591735,13.338, 0.009
  125836954,17.790, 0.200
  118557720,16.130, 0.200
  118593279,14.687, 0.027
  245905701,16.470, 0.200
  245907108,10.118, 0.023
  118677684,17.230, 0.200
  118675681,14.045, 0.029
  150061097,10.623, 0.011
  118765829,13.598, 0.011
  118766826,18.450, 0.200
  118768350,18.900, 0.200
  436561375,15.005, 0.088
  397354679,14.993, 0.030
  397357734,15.040, 0.041
  397355504,14.980, 0.055
  125915722,14.063, 0.042
  436575135,16.270, 0.200
  436575369,15.877, 0.107
  385475808,15.140, 0.029
  436581639,17.690, 0.200
  436584697,13.089, 0.093
  436582827,17.310, 0.200
  436589427,16.740, 0.200
  238413980, 9.766, 0.008
   59840611,12.276, 0.033
  436617161,17.220, 0.200
   18542733,18.440, 0.200
   59958693,14.755, 0.077
   18584677,15.418, 0.043
  436640602,15.725, 0.087
  436639456,16.050, 0.200
   18642736,13.897, 0.060
  436642805,16.480, 0.200
   60009433,15.830, 0.200
   18647501,14.360, 0.049
  436659586,11.118, 0.140
  436664231,11.213, 0.046
   68648307,17.070, 0.200
   60478560,17.520, 0.200
   68653291,16.670, 0.200
   60511067,14.968, 0.045
  432613905,15.892, 0.031
   68812391,15.839, 0.113
  432699513,17.360, 0.200
  389121763,16.900, 0.200
  303593764,18.050, 0.200
  293892413,16.030, 0.200
  387722592,15.670, 0.200
  175264909,11.515, 0.034
   21223949,,
  184893285,12.165, 0.035
  175261870,13.940, 0.160
  175288891,,
  197250486,,
  175239511,10.110, 0.034
  175262081,10.268, 0.012
  175262180, 9.681, 0.005
  175262171, 9.977, 0.006
  175262077, 9.939, 0.012
  175265818,10.714, 0.023
  307733361,10.651, 0.012
  175261968, 9.820, 0.023
  175239508,10.273, 0.034
  175264659,10.317, 0.034
  175264390,11.257, 0.016
  175264517,11.584, 0.057
  175264495,10.996, 0.023
  175265782,10.711, 0.012
  175265769,11.496, 0.046
  175194847,10.570, 0.011
  307678344, 9.651, 0.005
  175261957,10.609, 0.023
  307678285,10.646, 0.011
  175264490,12.046, 0.057
  175265687, 9.826, 0.023
  175264628,11.297, 0.057
  175239919,11.784, 0.057
  175240043,10.636, 0.034
  175265668,10.074, 0.023
  175234372,10.862, 0.012
  184893020, 9.940, 0.005
  175233442,10.398, 0.008
  175240196, 9.222, 0.003
  307733224,11.790, 0.032
  175290433, 9.629, 0.004
  175262112,,
  175234189,15.599, 0.137
  195193477,11.426, 0.046
  175233735,10.431, 0.012
  175264486,21.004, 1.133
  175262222,16.349, 1.133
  175239547,15.589, 0.423
  175240088,10.205, 0.012
  184892072, 9.668, 0.004
  195193336,11.108, 0.024
  175262151,17.435, 0.047
  175290574,10.445, 0.008
  175290894,10.057, 0.006
  175264751,10.548, 0.012
  175265836,,
  175262288,15.463, 0.217
  175265747,10.936, 0.023
  175233976,,
  175239454,,
  175262060,16.055, 0.137
  307733381,,
  175240425,10.678, 0.010
  175291774,10.832, 0.010
  175264487,,
  307678565,16.128, 0.046
  175194958,15.989, 0.206
  175262202,12.789, 0.114
  175290581,,
  175265707,15.871, 0.275
  307733666,10.944, 0.012
  184892083, 9.864, 0.005
  175239582,15.163, 0.126
  175194931,,
  175234252,16.769, 1.133
  307733166,11.398, 0.069
  175194811,17.950, 0.200
  307678222,11.773, 0.034
  175290789,,
  175234444,16.177, 0.183
  175234763,11.644, 0.024
  307678180, 9.873, 0.005
  175239741,15.048, 0.149
  307678474,17.566, 0.048
  175262109,12.643, 0.103
  307733584,,
  175265852,14.228, 0.092
  307678504,11.543, 0.026
  175264700,15.388, 0.149
  184873527,,
  195192227,11.326, 0.017
  175290460,,
  307733505,15.821, 0.206
  175265983,12.353, 0.286
  175261904,,
  175290904,11.338, 0.018
  195191989,16.261, 0.126
  175264362,14.939, 0.114
  175290807,,
  175234002,16.499, 1.133
  175233672,,
  175239137,17.834, 0.050
  175290735,16.251, 0.137
  307678306,18.700, 0.200
  175265714,13.460, 0.092
  184892216,11.553, 0.022
  175264309,14.122, 0.160
  184893138,,
  195193187,15.898, 0.069
  175233783,13.629, 0.137
  175291796,,
  175290662,11.663, 0.034
  175264424,17.824, 0.047
  307678296,,
  175233752,11.491, 0.034
  175239552,17.640, 0.047
  175239985,19.340, 0.200
  195192006,15.389, 0.149
  175233791,16.806, 1.133
  175231602,17.450, 0.200
  175234504,14.174, 0.194
  307678756,,
  175233594,16.790, 0.229
  175233993,16.106, 0.240
  175261914,10.917, 0.023
  195192105,18.157, 0.049
  175262354,14.824, 0.057
  195189336,17.526, 0.048
  175290633,17.141, 0.492
  175264566,12.162, 0.046
  307733411,12.057, 0.206
  175262246,11.594, 0.069
  195193236,16.461, 0.183
  175262117,17.202, 0.047
  175234522,,
  175261821, 9.968, 0.006
  175264842,11.245, 0.069
  175264307,15.964, 0.206
  195189401,,
  307678366,11.529, 0.030
  195191757,11.819, 0.057
  195192204,16.364, 0.149
  175262074,12.038, 0.069
  175231632,17.514, 0.047
  195193329,,
  195189162,17.001, 0.047
  307678170,12.149, 0.046
  175239757,17.842, 0.049
  175194919,13.764, 0.103
  307733222,16.255, 1.133
  175262162,,
  175265644,17.988, 0.050
  175234216,14.265, 0.149
  184893133,13.626, 0.103
  184914555, 9.850, 0.030
  175240181,15.224, 0.137
  184893014,,
  175261942,,
  175265950,16.567, 0.092
  175239962,14.973, 0.183
  184893212,13.485, 0.114
  184873452,11.419, 0.046
  175290709,,
  175265688,14.237, 0.126
  195191821,12.823, 0.080
  175239899,11.847, 0.069
  184895088,17.687, 0.047
  175239599,,
  175239004,12.018, 0.057
  307733344,,
  195193053,16.405, 0.664
  195191872,16.889, 0.060
  195189096,16.639, 0.103
  175233258,,
  195191924,11.664, 0.034
  175265504,16.950, 0.200
  175234241,15.028, 0.206
  307733413,,
  175239721,12.655, 0.080
  184892057,12.040, 0.057
  184914078, 9.619, 0.004
  175291905,17.494, 0.047
  307733787,,
  175265829,16.504, 1.133
  184895407,19.630, 0.200
  175239295,19.150, 0.200
  175194794,17.616, 0.048
  175239079,15.839, 0.057
  195191870,,
  175264600,12.166, 0.092
  184892201,12.125, 0.092
  175195078,14.365, 0.103
  184895326,13.139, 0.080
  195193217,13.798, 0.160
  175231607,16.550, 0.200
  175234031,12.489, 0.080
  184896317,,
  184895513,16.251, 0.229
  195192331,15.038, 0.092
  195192095,,
  175195079,17.660, 0.200
  195189611,15.524, 0.076
  184898397,11.489, 0.017
  184873574,17.604, 0.047
  175290623,,
  175266067,,
  175265886,16.729, 0.183
  175290667,12.334, 0.057
  195193671,,
  307678091,16.373, 0.080
  175261915,14.162, 0.126
  175261814,17.140, 0.047
  175266079,13.349, 0.069
  175264304,17.211, 0.047
  307733134,,
  195189070,17.356, 0.047
  307678231,13.315, 0.057
  195193077,14.565, 0.103
  175195032,,
  175234750,16.410, 0.057
  184893128,10.862, 0.010
  184873390,12.445, 0.080
  175194672,12.366, 0.057
  175264766,17.900, 0.200
  175262071,13.083, 0.103
  195192278,14.496, 0.057
  307678008,10.585, 0.010
  175291955,,
  175290622,13.168, 0.114
  184893334,11.818, 0.034
  175233614,12.284, 0.057
  175263993,11.879, 0.030
  184892065,16.685, 1.133
  175239768,12.590, 0.080
  184898694,19.490, 0.200
  175290525,,
  184873554,,
  195188207,16.775, 0.458
  175265790,,
  195192118,13.879, 0.114
  175291909,16.761, 1.133
  184893028,15.294, 0.172
  195192100,17.198, 0.048
  175290537,16.636, 0.103
  175240330,17.540, 0.047
  175290470,,
  175262372,,
  184892944,17.751, 0.047
  175231592,,
  184893218,19.530, 0.200
  175194928,,
  175264651,19.780, 0.200
  184896144,,
  175231948,,
  175290787,,
  307678169,13.649, 0.069
  184873453,,
  175290484,,
  175261832,12.435, 0.046
  307678337,17.903, 0.048
  184893357,15.172, 0.103
  184896137,17.800, 0.200
  184893030,,
  184895133,15.614, 0.034
  175290816,13.477, 0.114
  307678603,15.573, 0.183
  175290603,12.029, 0.069
  184896505,,
  307678318,15.662, 0.092
  184914515,14.780, 0.206
  307733794,16.330, 0.389
  175292008,14.138, 0.137
  175261955,13.626, 0.137
  307733219,16.548, 0.057
  175291996,,
  175290922,14.353, 0.172
  178279059,,
  175265552,,
  195191917,,
  195192352,13.844, 0.092
  195193025,17.236, 0.047
  184873385,,
  184895186,10.073, 0.006
  175291721,13.447, 0.160
  175233995,,
  184873509,13.941, 0.137
  195191831,,
  195188915,,
  195192980,19.390, 0.200
  195191855,15.666, 0.092
  184898435,12.840, 0.080
  184893187,,
  175290827,,
  184898463,14.216, 0.137
  195192248,14.510, 0.194
  178277678,,
  195188361,,
  195188050,,
  175233644,,
  195187947,,
  175233611,,
  184893215,19.960, 0.200
  184873585,16.833, 0.343
  184896142,17.455, 0.047
  175264916,11.381, 0.018
  184895539,16.525, 0.355
  307733261,,
  175262013,11.952, 0.069
  175234611,17.156, 0.047
  175265814,13.546, 0.092
  175264953,14.216, 0.126
  178278865,,
  175291677,,
  175265990,14.941, 0.080
  195191988,,
  175261905,11.082, 0.034
  175264267,,
  175240462,,
  175262370,,
  175262210,,
  195193150,16.746, 0.309
  184916422,16.660, 0.172
  175233618,,
  175264915,13.695, 0.126
  195193221,,
  175264858,,
  184892209,12.184, 0.103
  195189140,,
  175264305,,
  175240096,,
  184896414,,
  175239997,12.485, 0.057
  195189161,,
  184895089,16.325, 0.172
  175291770,,
  184892917,,
  195189084,12.281, 0.057
  175265678,16.632, 0.126
  175265547,,
  307733179,,
  175234805,,
  195189326,15.387, 0.080
  184892086,,
  175240021,17.844, 0.049
  175240085,,
  307733369,,
  195189612,15.570, 0.172
  307678247,16.553, 0.240
  184895271,14.112, 0.103
  175261797,16.450, 0.200
  195192291,18.117, 0.048
  184892738,16.968, 0.046
  195189354,,
  184914348,,
  184893191,,
  175291010,17.502, 0.046
  184895645,12.084, 0.069
  307733153,,
  175194875,,
  184914340,16.654, 0.400
  175290898,,
  175241573,,
  307678805,,
  175265546,16.552, 1.133
  184896500,,
  195192416,,
  195189206,13.108, 0.069
  175264870,,
  195188988,16.824, 1.133
  175261793,,
  175264897,,
  175290836,13.571, 0.126
  175291705,13.605, 0.172
  184892124,,
  175231884,17.201, 0.047
  195188033,12.853, 0.172
  175240257,,
  175291692,13.433, 0.149
  175265551,,
  307678737,15.427, 0.149
  195189437,16.821, 0.047
  178267072,,
  307733333,19.930, 0.200
  307678329,15.963, 0.172
  184893118,12.282, 0.046
  195193564,14.953, 0.057
  195189148,,
  175290882,15.344, 0.080
  175264387,,
  184914129,,
  175194809,13.830, 0.172
  175265540,10.142, 0.007
  184873409,,
  178266660,,
  307733346,,
  178277738,,
  184892783,,
  307678274,12.790, 0.057
  184914161,,
  184873578,,
  175291050,17.161, 0.047
  184916721,17.005, 1.133
  175265529,,
  178277917,,
  175265474,12.759, 0.092
  195188919,14.958, 0.006
  175291749,,
  178266909,,
  175234737,,
  184896075,12.334, 0.092
  195193645,16.870, 0.080
  184914188,,
   21287536,,
  184916403,19.947, 0.121
  175194612,19.310, 0.200
  175291727,12.163, 0.080
  175265500,,
  175239124,17.513, 0.048
  184895563,12.629, 0.103
  175194920,,
  195192367,,
  184896098,14.079, 0.137
  178278923,17.369, 0.047
  195193606,14.654, 0.103
  178278014,16.766, 0.641
  175240655,,
  175265494,12.892, 0.114
  184892743,13.925, 0.137
  195189581,,
  307678497,,
  175241594,,
  195189343,14.607, 0.092
  178267914,,
  178277851,17.096, 0.047
  195189669,,
  307680955,14.903, 0.114
  175265577,,
  175290453,,
  175262258,20.276, 0.226
  184893012,,
  195193132,,
  195188269,,
  195193219,13.642, 0.057
  184898665,,
  195192984,,
  178277298,17.430, 0.200
  175290472,,
  184898698,,
  332022923,16.094, 0.103
  331989623,18.460, 0.200
  195189406,,
  175265813,17.141, 1.133
  178277803,16.535, 0.126
  175266015,,
  178278689,15.466, 0.149
  195189558,14.704, 0.160
  175231944,17.252, 0.047
  184914518,14.190, 0.126
  184893061,,
  178277237,16.906, 1.133
  184914059,,
  184914843,10.530, 0.030
  178267232,17.630, 0.200
  331989601,16.313, 0.572
  178268381,12.967, 0.080
  184916747,17.140, 0.200
  175240357,,
  175291329,,
  184898422,10.297, 0.006
  195187938,14.536, 0.149
  307733281,,
  175238255,,
  175266089,,
  195187806,,
  175290546,,
   21275706,16.916, 0.048
  175233248,,
  178247259,14.734, 0.160
  175194593,,
  195193093,13.376, 0.069
  178278997,,
  178277951,13.295, 0.103
  353931561,10.440, 0.030
  307678358,12.241, 0.046
  353931586,,
  175239969,,
  195189357,19.894, 0.162
  184898875,14.547, 0.114
  178246141,15.509, 0.126
  184898394,,
  195192289,13.570, 0.057
  178268415,13.108, 0.069
  307678809,,
  184895512,13.387, 0.149
  178279352,14.678, 0.103
  175292491,,
  184896375,,
  175240612,,
  184916498,18.040, 0.200
  238607424,,
  184916109,,
   21287512,15.896, 0.183
  178245905,14.750, 0.114
  307733783,,
  178245389,,
  175265962,16.255, 0.080
  307678469,11.274, 0.019
  195192923,13.928, 0.126
  302922251,15.303, 0.149
  184914025,,
  175265493,,
  184893654,10.523, 0.008
  178268391,,
  175290956,14.039, 0.160
  175261884,12.682, 0.069
  184914037,,
  184896649,,
  357266893,15.109, 0.195
  195189244,12.507, 0.057
  307733847,,
   21337549,,
  337632047,,
  184895054,,
  178277699,13.732, 0.092
  332022991,16.026, 0.355
  195191891,12.563, 0.080
  184914118,13.738, 0.092
  178246079,18.740, 0.200
  195193924,14.352, 0.080
   21247522,15.168, 0.137
  184913985,,
  175262153,17.047, 0.047
  307733900,12.987, 0.080
  337632006,15.133, 0.160
  184892291,10.715, 0.011
   21223933,,
  175231776,13.525, 0.069
  178267925,12.722, 0.069
  175194649,19.640, 0.200
  178245472,15.363, 0.114
  184895450,16.567, 0.275
  184896534,,
  195189405,18.500, 0.200
  195188964,,
  353931221,19.300, 0.200
  184892378,,
  178277927,13.051, 0.080
  175291570,,
  175194609,,
  353931339,17.339, 0.047
  175290841,,
  175194358,13.283, 0.057
  175193977,,
  175290851,11.436, 0.057
  178277445,13.984, 0.137
  184895464,,
  184896376,13.950, 0.160
  331989886,,
  178277330,16.675, 1.133
  175291818,,
   21223954,10.964, 0.012
  175264871,13.906, 0.103
  178218260,15.629, 0.103
  178217955,,
  184896115,,
  175291549,,
  178246707,19.190, 0.200
  195189210,11.522, 0.034
  184898073,16.890, 0.200
  175290168,,
  178278878,,
  178267335,,
  195189610,,
  175265395,,
   14703702,,
  195194076,,
   21287322,17.780, 0.200
  175261791,16.142, 0.229
  238606286,,
  353931099,,
   21275548,15.860, 0.200
  184893045,11.595, 0.043
  184892855,,
  197191573,,
  184914104,18.015, 0.047
  178277274,,
  238606070,,
  302922710,,
   21275777,,
  184895531,,
  195188667,16.503, 1.133
  195193454,,
  333871534,19.740, 0.200
  178245891,,
  184873412,,
   21275808,11.299, 0.015
   14638439,17.501, 0.050
   21275936,,
  184873064,,
  332025251,,
  175235722,,
  195189116,,
   21275909,,
  175291531,,
  195192388,12.540, 0.069
  195189408,15.867, 0.183
  337606255,,
  184938999,,
  178277240,,
  175263724,,
  178247069,14.973, 0.149
  307679520,16.986, 1.133
  195193600,,
  195189665,11.947, 0.046
  238606427,12.623, 0.080
   21337351,19.980, 0.200
  175291519,16.072, 0.114
  175289000,16.760, 1.133
  184914020,12.833, 0.092
  184893043,17.585, 0.047
  178178234,11.836, 0.034
  331989193,19.900, 0.200
  175264744,19.890, 0.200
  184896915,17.900, 0.200
  184892167,14.546, 0.103
  184892292,16.247, 0.355
  184893036,,
  184894647,11.952, 0.057
  175195033,13.942, 0.092
  178268371,12.226, 0.046
   14678570,15.819, 0.126
  178278494,,
  195189039,,
  175194294,19.730, 0.200
  337606295,,
  307678026,18.650, 0.200
   14703968,,
  184895599,,
  184873160,,
   20497187,17.228, 0.047
  175290654,,
  184898373,15.387, 0.103
  184898110,,
   21287582,15.403, 0.149
  175265645,12.392, 0.080
  178245191,13.926, 0.069
  175233134,,
  178277450,,
  175291572,,
  178270158,18.240, 0.200
   21247218,,
   14638377,,
  178277246,12.688, 0.080
  175263550,,
  302923006,16.857, 0.195
  332023535,13.891, 0.114
  331989648,,
  175265610,,
  178268711,17.805, 0.047
  175265440,,
  175262001,12.766, 0.092
   21247212,,
  184914277,,
   14605312,,
   46298219,,
  175292613,19.060, 0.200
   20484424,16.215, 0.057
  331989841,,
  178279983,17.297, 0.047
  184892778,16.413, 1.133
  293366998,,
  178245830,10.718, 0.012
  184896937,17.797, 0.047
  238606361,,
  175263123,,
  332023059,19.980, 0.200
   20492930,19.390, 0.200
  238607204,,
  293497121,15.739, 0.114
  337606175,,
  358115130, 9.932, 0.005
  175291652,17.277, 0.047
  337606436,,
  353931428,,
  184897149,18.060, 0.200
   20421524,17.233, 0.047
  178269883,19.650, 0.200
  175262267,,
   21247108,,
   14678723,14.265, 0.126
   14600692,17.446, 0.047
  293377712,,
   21275528,14.369, 0.149
  175194226,,
   20484319,17.245, 0.047
  175291744,,
  302922819,13.598, 0.103
   14678605,12.645, 0.092
  184898035,16.917, 1.133
  197219057,14.599, 0.092
  175233768,,
  175289783,18.280, 0.200
  184893006,21.034, 0.100
  197192363,14.927, 0.114
   20484985,,
  184895386,,
  331988873,15.996, 0.137
   14605020,16.525, 0.206
   21337268,,
  195188860,,
  178267679,16.827, 0.103
  184914077,,
  175240025,18.135, 0.048
   21276069,16.685, 1.133
  197191411,,
  197251751,17.670, 0.200
  353931181,16.250, 0.057
  184914208,19.920, 0.200
   14636266,,
  184895591,10.130, 0.006
  195193396,18.956, 0.093
  197241845,13.869, 0.114
  331989994,16.874, 1.133
  353931244,,
  195192452,12.615, 0.069
   21337002,,
  178217822,,
  178247257,,
  197218788,,
   14703588,,
  307678309,,
  337632317,18.197, 0.048
  178219738,,
    6994247,,
  307680731,19.694, 0.119
  175290896,13.004, 0.114
  178218996,,
   14568993,16.575, 0.480
  178270192,,
    7022683,17.063, 0.046
  353931437,19.400, 0.200
  197241435,17.733, 0.047
   14604955,,
  178267048,,
  195193492,20.434, 0.160
  184916674,,
  197221743,,
  184939336,,
  331989194,,
   21275529,,
  178247592,,
  178218470,,
  331988851,,
   21275457, 9.904, 0.005
  197190717,,
  175234418,,
   14634236,,
  175265875,13.760, 0.126
  184897199,17.136, 0.046
   14703778,10.991, 0.011
  178177521,,
  358115582,,
  178216798,12.364, 0.057
  197215657,19.640, 0.200
  337606767,,
  175291073,17.893, 0.047
  175288948,,
   14638194,13.952, 0.080
  307680316,18.620, 0.200
  175195014,13.640, 0.126
  175234554,16.216, 0.549
   46255964,,
   14677040,13.898, 0.114
  203225024,,
   46363336,15.377, 1.133
  238605470,13.085, 0.069
  175288787,,
  197244779,,
   46363036,18.550, 0.200
   14701843, 9.650, 0.030
   14636515,14.669, 0.080
  197192987,12.490, 0.092
  184892273,,
   21224554,,
   14703139,12.880, 0.080
   20535927,,
  197221769,19.140, 0.200
   21224431,15.220, 0.206
   21223275,16.547, 0.217
   20484049,17.042, 1.133
  184892275,12.412, 0.080
  178267345,17.467, 0.047
   14676338,,
  302923172,17.122, 0.046
  175240139,14.144, 0.114
  195191188,,
    7058742,15.138, 0.172
  184916933,,
   26079418,18.240, 0.200
   26079243,17.590, 0.200
   26081460,18.890, 0.200
   26081408,18.030, 0.200
   61116674,11.441, 0.023
   61116955,12.090, 0.057
   26109664,18.700, 0.200
   26113333,,
   26126184,16.180, 0.200
   26126856,19.140, 0.200
   26127347, 9.860, 0.030
   26127491,16.880, 0.200
   26127504,19.450, 0.200
   26175355,17.540, 0.200
   26178271,19.080, 0.200
  113918514,14.189, 0.019
   46634036,12.283, 0.057
  113918237,,
  113918809,19.140, 0.200
  113922821,17.830, 0.200
  113922425, 9.154, 0.003
  113951451,18.190, 0.200
  113951846,19.250, 0.200
  113955896,17.190, 0.200
  113955498,10.090, 0.030
  113955775,15.156, 0.030
  113980275,15.273, 0.068
  427580717,,
  113981932,17.720, 0.200
  113982669,16.730, 0.200
  113982460,18.430, 0.200
  427580873,16.770, 0.200
  113981961,17.180, 0.200
  113981992,19.830, 0.200
  427580743,,
  114029066,,
  353927363,19.590, 0.200
  353927437,,
  114029659,18.330, 0.200
  353927317,18.470, 0.200
  353927315,16.756, 0.297
  353927374,17.900, 0.200
  346592180,11.863, 0.211
  114029882,15.170, 0.200
  114029810,10.734, 0.009
  114031019,15.987, 0.195
  114029945,,
  114030914,,
  114029971,11.007, 0.013
  114031127,,
  114029855,12.735, 0.092
  346592587,18.700, 0.200
  114060387,17.230, 0.200
  114060441,,
  114059160,15.920, 0.200
  114060200,14.084, 0.172
  114060454,,
  346592680,,
  346592477,17.720, 0.200
  114059619,,
  114060141,18.350, 0.200
  114060078,18.130, 0.200
  346592508,17.136, 1.133
  114060377,11.143, 0.015
  258031958,18.870, 0.200
  114060639,,
  258032108,,
  114060582,14.636, 0.037
  114060967,19.100, 0.200
  114060949,19.630, 0.200
  258032073,,
  258031991,18.800, 0.200
  114060720,14.020, 0.200
  258031920,,
  114060999,16.830, 0.200
  114060609,14.804, 0.005
  258032013,,
  258032026,16.380, 0.200
  114084989,15.980, 0.200
  258067034,16.280, 0.200
  114084814,15.835, 0.172
  258067247,16.060, 0.200
  258067138,19.830, 0.200
  114083269,18.540, 0.200
  114084607,18.740, 0.200
  258067231,18.660, 0.200
  258066973,14.522, 0.126
  114083795, 9.850, 0.030
  114084962,19.630, 0.200
  114084456,14.472, 0.049
  258067178,,
  114084277,17.030, 0.200
  114084389,15.062, 0.031
  114083477,17.790, 0.200
  258067199,,
  114085299,17.062, 1.133
  258067348,15.934, 0.149
  258067363,18.980, 0.200
  258067352,17.970, 0.200
  258067448,14.568, 0.172
  114085308,16.630, 0.200
  114085414,18.680, 0.200
  258067341,,
  114085080,19.730, 0.200
  114085193,,
  258067431,17.121, 1.133
  114085393,18.640, 0.200
  258067594, 9.470, 0.001
  258067389,16.160, 0.200
  258067465,18.720, 0.200
  114086686,,
  114085501,12.183, 0.057
  114085734,14.016, 0.126
  258067474,19.440, 0.200
  258067676,11.979, 0.031
  114166663,15.181, 0.160
  114165905,19.020, 0.200
  114166455,,
  302545798,16.330, 0.200
  302546100,19.000, 0.200
  302545769,16.870, 0.200
  302545818,16.021, 0.114
  114167104,,
  114166657,,
  114166513,11.620, 0.040
  302545930,18.930, 0.200
  114166829,10.510, 0.001
  114167126,,
  114166696,,
  114166622,,
  302545922,15.840, 0.200
  114166586,19.130, 0.200
  302545817,,
   67768213,10.790, 0.001
   67768165,11.862, 0.028
   67768398,18.200, 0.200
   67768296,14.620, 0.091
  302546047,14.477, 0.056
  302545959,14.297, 0.078
   67768229,,
   67768181,18.130, 0.200
   67768203,19.490, 0.200
  405483694,16.000, 0.200
  405483714,18.800, 0.200
  405483914,,
  405483758,16.800, 0.200
   67768459,17.099, 1.133
   67768395,10.459, 0.009
   67768260,13.927, 0.103
  405483894,10.908, 0.012
  405483900,,
  405483551,14.263, 0.160
  405483789,14.437, 0.114
  405484037,,
  405483908,,
  405484052, 9.660, 0.001
   67768258,11.014, 0.005
   67768116,,
  405483746,10.688, 0.025
  405483878,11.598, 0.034
   67787123,15.575, 0.183
   67787155,,
  405483684,17.048, 1.133
  405483883,16.558, 0.114
  348638787,,
   67787249,11.489, 0.062
   67785604,15.330, 0.200
   67787441,,
  348639202,11.374, 0.057
  348638809,10.802, 0.011
  348639169,10.467, 0.057
  348638984,16.858, 0.309
  348638903,,
   67787445,,
  348638801,10.621, 0.038
  348638810,11.167, 0.057
  348639084,,
   67787307,16.880, 0.200
  348638812,13.071, 0.114
   67787166,,
  348639179,13.759, 0.092
  348639155, 9.063, 0.012
  348638752,17.132, 1.133
  348638813,15.312, 0.149
  348638859,17.230, 0.200
  348638902,11.456, 0.046
  348638969,19.180, 0.200
  348639006,17.660, 0.200
  348638763,14.027, 0.103
  348639093,,
  348639217,,
  348639128,13.459, 0.126
   67785558,11.881, 0.023
   67787319,17.230, 0.200
  348639247,14.508, 0.286
  348639216,14.387, 0.126
   67787656,16.639, 0.503
  348638992,,
   67787912,15.658, 0.092
   67787866,17.970, 0.200
  348638938,16.850, 0.200
  348638782, 9.828, 0.008
   67788115,10.954, 0.011
  385509219,19.401, 0.068
  385509405,17.453, 0.055
  385509305,,
  385508943,13.496, 0.092
   67788486,,
  385509436,10.833, 0.057
  385509186,18.002, 0.067
  385509432,,
  385509190,10.415, 0.023
   67787604,,
  385509415,16.924, 1.133
   67787704,,
  385509435,,
   67787715,14.054, 0.092
   67787736,19.240, 0.200
  385509004,,
   67789284, 9.382, 0.004
   67787504,11.966, 0.012
  385509282, 8.577, 0.005
   67829685,18.830, 0.200
   67829298,17.630, 0.200
   67828897, 9.973, 0.006
   67829472,17.530, 0.200
  385509109,14.097, 0.137
  385509159,16.800, 0.200
   67829596,17.330, 0.200
   67829329,17.180, 0.200
   67829797,19.667, 0.067
  385509284,,
   67829648,,
  385552187,16.401, 0.069
   67829658,19.930, 0.200
  385552440,17.920, 0.200
  385552643, 8.991, 0.008
  385552421,17.556, 0.050
   67829632,12.323, 0.092
  385552593,15.519, 0.160
  385552619, 9.665, 0.015
  385552305,17.483, 0.049
   67829619,12.122, 0.092
  385552144, 8.035, 0.012
   67829254,17.320, 0.200
   67829693,,
  385552287,15.644, 0.069
  385552281,13.618, 0.103
   67829524,,
  385552372, 8.622, 0.023
  385552170,10.182, 0.023
  385552485,17.880, 0.200
  385552109,19.200, 0.200
  385552195,,
  385552466, 9.779, 0.046
  385552270, 9.577, 0.046
  385552629, 9.556, 0.004
  385552720,13.391, 0.114
  385552163,14.368, 0.206
   67830753,18.930, 0.200
   67830155, 6.850, 0.001
  385589475,21.090, 0.160
  385589544,17.899, 0.057
   67830013,,
  385589578,17.121, 1.133
   67830207,17.980, 0.200
  385589523,18.236, 0.058
  385589620,19.276, 0.079
   67829917,12.581, 0.103
  385589312,19.800, 0.200
  385589524,17.754, 0.048
   67830039,12.707, 0.126
  385589739,16.881, 0.047
  385589609,,
   61140002,14.034, 0.062
  385589362,16.415, 0.183
  385589360,,
  385589386,12.810, 0.069
  385589388,13.219, 0.069
  385589505,14.743, 0.092
  385558757,12.126, 0.069
   61139634,13.714, 0.103
  385589317,,
   61140261,,
   61141737,17.280, 0.200
  385589319,15.391, 0.149
   61139640,10.139, 0.017
  385589348,11.597, 0.046
   61139416,18.910, 0.200
  385589685,14.063, 0.114
   61140268,18.180, 0.200
  385589309,17.520, 0.200
   61141911,11.540, 0.030
   61139968,,
  125736597,17.370, 0.200
  125736689,14.032, 0.046
  125736793,,
   61139899,,
   61139916,18.550, 0.200
   61139506,,
  125736791,10.446, 0.034
  125736770,,
  125737018,18.300, 0.200
  125736817,19.431, 0.092
  125736833,,
   61141472,,
  125736974,16.229, 0.343
  125736848,16.779, 0.126
  125736522,10.518, 0.020
   61139214,18.406, 0.054
   61139406,13.157, 0.126
  125736858,11.120, 0.057
  125736701,14.335, 0.037
   61141798,18.540, 0.200
   61139947,,
  125736987,14.150, 0.126
   61139677,14.814, 0.043
   61145620,14.807, 0.126
   61145832,14.873, 0.126
  125737022,,
   61145683,,
  125736899,12.287, 0.057
   61146016,10.204, 0.008
  125736708,11.859, 0.046
   61145611, 9.420, 0.001
  125736605,10.250, 0.010
  125736811,13.373, 0.103
  125736995, 9.398, 0.069
  125737020,12.293, 0.046
   61145701, 9.374, 0.005
   61145876,12.105, 0.069
  125736623,14.217, 0.126
   61145580,18.920, 0.200
   61145948,,
  125737030,16.260, 0.172
  125736707,19.130, 0.200
   61145609,10.471, 0.010
   61145677,15.770, 0.200
  125736774,15.268, 0.110
   61145889,17.960, 0.200
   61145959,,
  405484261,,
   61145594,11.735, 0.057
  405484284,16.500, 0.200
   61145922,10.528, 0.013
  405484181,18.576, 0.078
  405490026,16.146, 0.047
  405484383,19.662, 0.091
  405484557,10.470, 0.001
   61145824,19.190, 0.200
  405484221,,
   61145765,15.474, 0.126
   61145907,18.200, 0.200
  405484110,,
  405484378,17.200, 0.200
  405484111,,
  405484416, 6.815, 0.012
  405484605,18.130, 0.200
  405484386,,
  405484664,18.090, 0.200
   61145874,11.457, 0.009
  405484241,,
   61145896,,
  405484574, 8.290, 0.023
  405484205,14.665, 0.149
  440681403,12.249, 0.103
  440681617,13.603, 0.137
  405484342,19.310, 0.200
  405484300,18.690, 0.200
  440681409,13.403, 0.137
  405484127,16.921, 1.133
  440681387,15.368, 0.103
  440681539,18.370, 0.200
  405484278, 9.452, 0.010
  405484248,,
  440681404,12.480, 0.103
  440681343,16.163, 0.114
  405489949,16.717, 0.286
  440681536,17.980, 0.200
  405484341,,
  405484528,,
  405484178, 8.736, 0.023
  405484340,12.710, 0.080
  405484247,,
  405489929,15.550, 0.103
  440681564,18.170, 0.200
  125755016,,
  440681391,,
  440681752, 8.126, 0.005
  125754697,16.720, 0.200
  440681652,17.350, 0.200
  125755011,,
  125754563,16.730, 0.200
  440681442,,
  440681425, 7.768, 0.012
  440681529,16.830, 0.200
  125754787,,
  440681327,,
  440681478,,
  125754942,16.980, 0.200
  440682459,,
  440681328,18.300, 0.200
  125755046,17.967, 0.063
  125754923,,
  440681587,,
  440681418,15.973, 0.114
  125754781,12.965, 0.080
  440682249,12.333, 0.069
  440681808,17.330, 0.200
  125754683,,
  440681514,18.650, 0.200
  125754921,18.300, 0.200
  440685981,13.505, 0.160
  125754716,16.330, 0.200
  125754671,14.495, 0.066
  125754895,17.630, 0.200
  440685759,18.840, 0.200
  125754985,13.807, 0.114
  125754947,10.546, 0.034
  440685713,12.053, 0.040
  440686116,13.945, 0.160
  125755119,13.392, 0.160
  440686085,,
  125754804,18.220, 0.200
  125754525,17.420, 0.200
  440685861,11.114, 0.005
  125754907,18.140, 0.200
  125754869,16.670, 0.200
  440686066,,
  440686190, 9.873, 0.034
  440685753,17.630, 0.200
  440685902,16.930, 0.200
   35155905,,
  440685327,,
   35155735,19.730, 0.200
   35155659,13.435, 0.069
  440685940,,
  440685779,16.466, 0.275
   35156058,,
   35156014,,
   35155345,14.081, 0.052
  440686290,,
  440686303,18.190, 0.200
   35156036,,
  440686627,14.587, 0.137
   35156028,,
  440686398,14.426, 0.026
  440687586,17.860, 0.200
   35156034,17.500, 0.200
   35155873, 8.261, 0.010
  440686341,17.320, 0.200
  440686433,17.500, 0.200
  440686307,17.166, 0.320
   35155385,,
  440686359,18.420, 0.200
   35155396, 9.127, 0.005
  440686339,10.121, 0.034
  440686234,10.369, 0.034
   35155775,14.423, 0.035
  440686261,,
  440687056,,
   35155491,10.876, 0.034
  440686232,14.832, 0.149
  440686355,16.130, 0.200
   35155558,16.770, 0.200
  440686389,18.850, 0.200
   35155744,18.420, 0.200
  440686690,15.980, 0.200
  440686422,,
  440686207,14.972, 0.160
   35155618,16.880, 0.200
  440686556,18.900, 0.200
   35156235,17.700, 0.200
  440686989,13.949, 0.103
   35156755,15.230, 0.200
   35156129,10.029, 0.023
  440686535,17.390, 0.200
  440686488,12.612, 0.069
  440686209,19.070, 0.200
   35156298, 6.960, 0.023
   35156259,16.840, 0.200
   35156120,,
   35156121,,
  440686434,10.368, 0.012
  440686676,,
   35156210,19.660, 0.200
   35156538,19.580, 0.200
   35156221,16.600, 0.200
   35156413,17.430, 0.200
   35156636,,
  440690770,17.400, 0.200
   35156630,16.460, 0.200
  440690782, 8.370, 0.011
   35156678,18.080, 0.200
   35156424,,
   35156425,18.880, 0.200
  440690825,13.370, 0.103
  440690265,12.125, 0.069
  440689977,18.170, 0.200
  440690855,18.420, 0.200
   35156250,10.935, 0.023
   35156091,12.654, 0.080
  440690695,,
   35156315,,
  346626051,16.680, 0.200
  440690703,16.406, 0.103
  440690752,11.578, 0.034
  346625675,16.670, 0.200
  440690662,15.438, 0.008
  440690971,,
  440690776,11.734, 0.046
  440690201,19.350, 0.200
  440691009,15.529, 0.092
  440690708,17.230, 0.200
  440691028,10.775, 0.034
  346626038,,
  440691913,13.616, 0.050
  440691301,14.364, 0.062
  346625850,10.445, 0.034
  346626294, 8.120, 0.007
  440691461,14.451, 0.172
  346625904,14.175, 0.042
  440691380,19.630, 0.200
  346626211,15.729, 0.149
  346626001, 7.508, 0.018
  346626238,,
  346625763,12.744, 0.057
  346625816,,
  440691258,16.870, 0.200
  440692146,18.290, 0.200
  440691177,11.354, 0.046
  440691853,,
  440691544,,
  346625996,17.870, 0.200
  346625920,16.146, 0.309
  440691238,11.395, 0.046
  440691260,,
  440691248,18.130, 0.200
  440691438,,
  440691137,18.270, 0.200
  440691362,,
  440691379, 9.099, 0.019
   35159699,16.914, 0.446
  440691199,10.910, 0.046
  440691343,14.120, 0.149
  440692794,19.090, 0.200
  440691924,14.047, 0.103
  440691431,11.127, 0.016
  440694473,13.820, 0.200
  440695729,19.640, 0.200
  440695156,,
   35159657,12.172, 0.057
   35159570,,
  440695920, 6.168, 0.004
  440695252,17.073, 0.047
  440695916,11.599, 0.057
  440694763,,
  440694910,15.760, 0.200
   35159478,,
  440694497,18.080, 0.200
  440695721,10.252, 0.020
  440695926,,
  440695975, 6.725, 0.008
  440695918,15.860, 0.200
   35159509,,
  440695984,16.830, 0.200
  440695755,19.440, 0.200
   35205530,13.968, 0.137
   35204831,17.640, 0.200
   35205586,15.328, 0.071
   35205613,17.470, 0.200
   35204875,,
   35205476,,
   35204900, 9.616, 0.004
  440696398,11.237, 0.024
  440696803,14.483, 0.063
  440697438,14.702, 0.053
  440696035,18.120, 0.200
  440696262,17.980, 0.200
  440696415,18.320, 0.200
  440696817,,
  440697601,,
   35206389,12.065, 0.057
  440696704,,
  440696337,16.560, 0.435
   35206374,12.423, 0.069
   35205639,10.296, 0.057
   35206497,19.340, 0.200
  440700750,12.479, 0.030
   35205647, 6.946, 0.023
  440700978,11.475, 0.092
   35206455,16.755, 1.133
  440701022,18.030, 0.200
   35206200,13.052, 0.069
  440700864,19.340, 0.200
  440700343,14.595, 0.160
  440700760,,
  346540494,,
   84331094,14.785, 0.060
   84331755,17.430, 0.200
  346540234,14.877, 0.026
  346539090,,
  346540537,12.397, 0.019
  346540165,17.760, 0.200
   84331646,14.333, 0.103
  346539640,13.213, 0.092
   84331621,16.940, 0.200
   84336541,,
  346540171,13.459, 0.092
  346540283,,
   84336667,10.953, 0.015
  440702438,11.463, 0.018
  440703158,16.691, 0.561
  440703298,19.270, 0.200
  440702499,17.210, 0.200
  440702500,16.830, 0.200
  440703285,17.660, 0.200
  440703174,13.135, 0.114
   84336819,16.804, 1.133
   84336821,17.164, 0.047
   84336649,,
   84336822,12.030, 0.046
   84336600,18.710, 0.200
   84336651,,
  440702470,,
  440702845,16.030, 0.200
  440702584,18.890, 0.200
   84336401,,
  440702109,18.100, 0.200
  385590063,18.210, 0.200
  440704339,15.920, 0.200
  440704531,16.482, 0.126
  385590587,16.563, 1.133
  440704123,15.800, 0.200
  385590417,,
  385590965,18.000, 0.200
  427735688,18.800, 0.200
  427735624,19.100, 0.200
  427736091,13.696, 0.103
  440726015,16.870, 0.200
  440726023,14.802, 0.108
  440726384,16.820, 0.200
  440726047,11.798, 0.046
  427735935,,
  440726335,16.080, 0.200
  440725730,18.320, 0.200
  427736180,19.300, 0.200
  427735907,14.444, 0.137
  427735980,,
  427736345,19.300, 0.200
  407930782,11.283, 0.026
  407930243,18.560, 0.200
  440728453,18.530, 0.200
  407930609,16.230, 0.366
  440728520,14.799, 0.061
  440732135,18.170, 0.200
  348723803,11.244, 0.013
  440731523,12.260, 0.069
  440730694,15.408, 0.038
  348723022,19.510, 0.200
  348722683,17.700, 0.200
  348722861,12.370, 0.080
  348723421,18.670, 0.200
  440730898,,
  348722873,,
  348768951,12.732, 0.069
  348769726, 9.635, 0.004
  440732366,18.360, 0.200
  348769378,19.010, 0.200
  348769574,10.940, 0.030
  440733338,10.960, 0.030
  440732276,12.992, 0.103
  440732237,,
  348769589,14.122, 0.160
  348768846,15.140, 0.200
  440733120,15.561, 0.061
  348769440,19.840, 0.200
  348769183,,
  348768931,18.860, 0.200
  149856569,12.992, 0.080
  149856915,17.133, 0.046
  149856292,17.410, 0.200
   14076629,16.570, 0.200
   14076683,13.137, 0.114
  149906525,,
   14078777,14.056, 0.114
   14080077,11.101, 0.012
  149907155,19.100, 0.200
   14079986,15.293, 0.069
  149907172,14.980, 0.126
  149907927,16.856, 0.047
   14109281,16.710, 0.200
  149907532,12.546, 0.092
   14109429,16.430, 0.200
   14108972,16.860, 0.200
  149907789,,
   14109225,10.811, 0.009
  149908035,18.910, 0.200
  149907206,16.140, 0.200
   14112093,17.020, 0.200
  149907667,13.875, 0.160
   14112924,18.490, 0.200
   14111089,15.177, 0.064
  149923419,15.214, 0.126
  149923544,,
   14111240,14.278, 0.080
   14155762,16.965, 1.133
  149923647,12.619, 0.069
  149979973,16.196, 0.080
   14158619,,
   14157805,,
  149980659,12.028, 0.069
   14158342,13.848, 0.126
   14158303,16.724, 0.126
   14157808,14.682, 0.149
  149979982,16.768, 0.309
  149979913,18.400, 0.200
   14178521,,
   14179364,19.190, 0.200
  149980751,18.300, 0.200
   14179884,17.990, 0.200
   14180078,,
  125783029,16.721, 1.133
   14225108,,
  125783407,,
   14183170,18.040, 0.200
   14226607,14.320, 0.137
   14226966,18.390, 0.200
   14226320,13.312, 0.092
   14227246,16.860, 0.200
   14226920,16.480, 0.160
   14227288,,
   14251584,,
   14251565,17.880, 0.200
   22987439,17.013, 0.320
   14252825,17.960, 0.200
   14252822,19.150, 0.200
   14255759, 9.624, 0.034
   14257046,15.661, 0.286
   14256230,19.200, 0.200
   14255769,,
   14284774,17.430, 0.200
   14285398,17.960, 0.200
   14286197,,
   23076771,18.270, 0.200
   61146487,,
   61146291,17.460, 0.200
   14334105,18.700, 0.200
   14333998,,
   14363854,15.136, 0.073
   15734486,,
   15736261,18.720, 0.200
   15759347,17.653, 0.047
   15760711,,
   15818544,,
   15818292,15.207, 0.057
   15854940,14.065, 1.133
  402237289,15.001, 0.019
  220532015,16.841, 0.172
  220609249, 5.950, 0.030
  220608726,12.560, 0.057
  220603655,16.946, 0.252
  220604303,15.150, 0.160
   77387874,12.358, 0.046
  220608314,15.386, 0.126
  220608333,15.155, 0.137
  220603631, 8.400, 0.030
  220611558,,
  220610120,,
   77389008,13.884, 0.080
  220605215,,
  220608955,16.685, 0.526
  220604270,14.750, 0.114
   77471960,,
   77473428,,
  220608680,16.067, 0.069
   77472670,10.495, 0.008
   77472525,16.623, 0.092
  220686845,,
   77473537,,
   77471572,13.427, 0.114
  220686916,,
  220686797,,
   77473522,,
   77532156,16.686, 1.133
  220683610,15.927, 0.103
  220682229,,
  220687983,,
   77534376,15.360, 0.121
  220765024,16.581, 0.126
  220679325,16.177, 0.114
  220679064,14.667, 0.137
  220679264,16.163, 0.217
  220768033,,
  220685875,,
  220764985,16.172, 0.183
   12569193,13.542, 0.069
   12566318, 7.740, 0.030
   12566502,14.143, 0.126
   12569724,10.040, 0.005
   77573886,14.897, 0.103
   12568706,13.414, 0.103
   12568709,16.066, 0.229
   12568403,17.188, 1.133
   12569183,11.696, 0.026
   12566408,16.654, 0.092
   12567276,,
   12568747,17.161, 1.133
   12565771,,
   77577733, 8.443, 0.002
   77578051,12.690, 0.057
  280158699,16.033, 0.366
  280160269,15.232, 0.183
  280160519,15.057, 0.023
   77576048,14.024, 0.114
  280158322,,
  280157428,,
  280156884,13.833, 0.095
   77577263,,
  280157733,17.602, 0.047
   77576598, 9.912, 0.004
  280158278,,
  280160125, 5.840, 0.030
   77578559,16.938, 0.149
  280158171,,
  280158108,16.277, 0.137
  280157846,14.545, 0.092
   77674655,,
  280156638, 6.770, 0.030
   12621988,13.363, 0.080
   12621793,,
   12621795,13.554, 0.092
   77674501,12.112, 0.080
   12624309,,
   12570821,16.891, 0.263
   77672522,15.352, 0.057
   77674513,16.970, 0.217
   12621616,10.362, 0.007
   12625702,,
   12624501,17.109, 0.389
   12625435,15.665, 0.103
   12624029,13.136, 0.080
   12627378,17.233, 1.133
   12628221,17.053, 0.435
   12629900,,
   12659091,16.301, 0.297
   12628957, 7.260, 0.002
   12659336,,
   12627948,16.788, 0.183
   12659333,16.030, 0.172
   12658445,10.139, 0.005
   12658622,,
   12629720,,
  286019870,14.774, 0.103
  286020092,15.712, 0.069
   66744473,,
   66744834,16.292, 0.172
   66744063, 8.127, 0.002
  286019407,,
   66744695,12.300, 0.080
  286019008,16.752, 0.195
   12663066,15.683, 0.172
   12664371,,
   66750314,16.528, 0.069
   66749774,,
   66750133,14.611, 0.046
   12661002,16.481, 0.114
   66822018,13.856, 0.057
   12725358,15.058, 0.092
   12725341,13.373, 0.057
   12725121,15.270, 0.126
   12665643,,
   12725753,16.036, 0.092
   12725143,16.213, 0.137
   12725044,16.376, 0.400
   12776845,,
   12732189,,
   12731159,11.853, 0.046
   12731653,,
   12777482,,
   12731737,13.725, 0.069
   66861813,16.393, 0.126
   12730483,,
   12730168,17.024, 1.133
   12731471,16.803, 0.092
   12775783,10.870, 0.018
   12776490,15.549, 0.057
   66863805, 9.322, 0.003
   66861139,17.056, 0.480
   66861569,,
   12777551,14.715, 0.092
   12730769,14.929, 0.126
   66862355,15.758, 0.069
   66861349,15.622, 0.069
   12779562,13.927, 0.057
   12779758,17.162, 0.195
   66923149,16.832, 0.206
   12779645,16.301, 0.057
   66925320,16.399, 0.092
   12779676,11.813, 0.023
   12778842,,
   12782249,14.649, 0.195
    9597321,11.714, 0.034
    9596871,,
   66928839, 7.760, 0.030
    9597134,16.978, 0.160
    9669433,,
   66928171,16.248, 0.126
    9596939,15.990, 0.286
    9669706,,
    9669256,13.324, 0.103
   66928114,,
    9667458,,
    9595526,,
   66928215,12.350, 0.035
    9675926,11.238, 0.065
    9672800,17.186, 0.606
    9674282,10.448, 0.009
    9677218,16.213, 0.046
    9672801,15.759, 0.092
    9676822,13.699, 0.057
    9677039,18.204, 0.090
    9675067,,
    9735831,16.805, 0.149
   67081645,,
    9735122,14.804, 0.067
    9735057,14.173, 0.069
    9735235,,
    9734812,11.278, 0.023
    9674277,,
    9735608,,
    9734806, 7.330, 0.030
   67082446,,
    9673098,16.310, 0.297
    9735159,,
    9676810,15.319, 0.103
   67081233,,
    9676383,13.786, 0.046
    9738433,,
    9738956,,
    9737198,16.279, 0.183
    9738126,,
    9737930,,
    9739389,,
   67086160,,
    9741755,,
    9737552,,
    9740802,12.682, 0.069
    9737963,16.599, 0.206
   67084599,,
    9796229,15.069, 0.126
    9795183,,
   67087285,14.064, 0.103
    9794827,,
   67177375,,
    9795755,17.278, 1.133
    9795829,,
   67178471,15.286, 0.046
   67178475,14.617, 0.137
    9793249,,
   67177335,16.844, 0.034
    9800425,,
    9800481,14.445, 0.206
    9848338,16.013, 0.172
    9847232,21.202, 1.133
    9797862,14.525, 0.103
    9798872,12.491, 0.080
    9799314,11.127, 0.015
    9848479,15.020, 0.103
   67235149,,
    9848330,14.719, 0.114
    9848368,16.014, 0.080
    9798180,17.109, 1.133
    9847026,14.499, 0.043
    9802416,14.804, 0.149
    9798505,16.225, 0.252
    9799329,13.960, 0.137
    9798199,14.347, 0.090
    9847505,16.546, 1.133
    9800769,,
   67233438,,
    9802109,13.317, 0.092
    9852352,12.852, 0.229
    9851348,15.972, 0.229
    9855829,14.114, 0.114
    9856773,16.865, 1.133
   67274063,15.123, 0.114
    9855014,,
   67277538,,
    9851354,16.194, 0.046
   67277391,14.033, 0.114
    9853610,15.259, 0.320
    9853602,12.314, 0.092
   67275241,,
    9914539,16.054, 0.240
   67366057,,
  161832461,,
  410988379,15.671, 0.126
  161834083,15.423, 0.046
  161838074,,
  161834230,13.471, 0.092
  161834051,15.018, 0.046
  161828768,12.650, 0.069
  161834005,15.309, 0.092
   48795112,14.940, 1.133
   48796749,15.893, 0.252
   48794856,,
   48794996,12.145, 0.057
   48795110,14.570, 0.114
   48793422,14.584, 0.114
   48794602,,
   48793721,15.214, 0.126
   48793728,,
  411029368,16.323, 0.240
   48795251,14.751, 0.103
   48795135,16.423, 0.160
   48791971, 9.400, 0.030
   48796694, 8.700, 0.030
   48794702,16.825, 0.092
   48794530,,
  411030904,13.338, 0.103
   48798078,15.454, 0.172
   48796280,,
   48795396,16.996, 0.240
   48794656,,
   48798130,16.455, 0.103
   48867140,,
   67754096,14.509, 0.126
   48868086,,
   48868362,15.276, 0.149
   48865540,13.865, 0.126
   48866968,15.015, 0.069
   48864782,,
   67756987,,
   48864820,,
  411079334,15.088, 0.080
   67756466,,
   48866908,,
   48800286,14.682, 0.115
   48866917,,
   67756399,16.013, 0.206
   48866903,,
   48867127,13.780, 0.046
   48868195,15.484, 0.172
   48906880,,
   48872203,17.186, 0.275
   67759778,13.728, 0.080
   48873434,14.829, 0.137
   67756781, 9.218, 0.003
   48905985,14.954, 0.217
   67756453,,
   48906121,16.033, 0.137
   48908035, 9.160, 0.030
   48906233,,
   48870862,11.733, 0.046
   48906613,16.498, 1.133
   48870941,11.723, 0.049
   48872481,16.501, 0.149
   48872645,15.357, 0.046
   48906058,14.848, 0.183
   67758102,16.634, 0.309
   48870796,16.373, 0.217
   48873474,17.017, 1.133
   48905962,,
   48871321,13.921, 0.046
   48907674,15.179, 0.149
   48907476,14.206, 0.172
   48871317,14.085, 0.069
   48871003,15.444, 0.057
   48871410,14.328, 0.057
   48872020,14.705, 0.057
   48905970,16.664, 0.332
   48873611,17.088, 1.133
   48869836,13.088, 0.057
   48913887,11.734, 0.046
   48910479,,
   48912227, 8.410, 0.030
   48913890,,
   67888521,16.291, 0.561
   48960512,,
   48908525,14.579, 0.149
   48914164,,
   48914075,16.231, 0.229
   67826607,10.276, 0.006
   67887496, 8.760, 0.030
   67888942,17.062, 1.133
   48909695,16.619, 0.400
   67821936,16.164, 0.206
   67888932,21.239, 1.133
   48908483,,
   48910665,17.104, 1.133
   48912436,16.525, 0.092
   48910953,14.642, 0.126
   48912447,12.135, 0.034
   67897871,15.972, 0.069
   48912629,16.874, 0.172
   67891216,,
   48913941,21.212, 1.133
   67896229,,
   48912525,,
   48913936,14.161, 0.114
   67896210,17.263, 1.133
   67896082,,
   48910896,,
   48908953,15.690, 0.160
   48962472,16.504, 0.103
   48962358,,
   48965778,,
  411096525,17.177, 1.133
   67890577,16.797, 0.183
   48967526,,
   67895891,,
   48965609,,
   48966279,16.249, 0.297
   48962531,16.397, 0.080
   67978974, 9.120, 0.030
   48962413,,
   48967559,,
   48962216,,
   48965702,16.224, 0.286
   67988542,,
   48961610,12.745, 0.080
   48967583,,
   48965245,14.746, 0.114
   48963999,,
   67987247,,
   68045508,14.885, 0.080
   48963636,16.889, 0.114
   48965883,14.344, 0.103
   48965887,16.252, 0.092
   49037975,15.187, 0.114
   49033805,15.262, 0.057
   49035417,,
   49038262,16.776, 0.195
   49035618,,
   49031833,16.755, 0.149
   49033044,14.193, 0.149
   49032350,12.523, 0.069
   68045522,,
   68045818,13.073, 0.080
   48969230,17.161, 0.686
   49037371,14.623, 0.069
  411098445,12.323, 0.069
   68045485,15.013, 0.126
   67985462,,
   68045596,,
   49036975,16.690, 0.060
   49033866,,
   68045555,,
   49037928,14.541, 0.137
   49032600,,
   48968127,,
   48968362,12.693, 0.092
   49039044,16.463, 0.114
   49033219,,
   49033331,,
   48968009,16.293, 0.057
   68053002,15.772, 0.103
   68053008,,
   49068768,13.150, 0.080
   49040985,16.185, 0.114
   49040989,,
   49071030,13.979, 0.160
   49041090,16.101, 0.069
   49040478,15.838, 0.126
   68056797,,
   68048764,11.487, 0.132
   49071438,14.036, 0.060
   49040904,15.876, 0.137
   68053818,,
   49040190,15.230, 0.114
   49071001,16.738, 0.195
   68056201,13.004, 0.069
   49040362,16.299, 0.183
   68049712,,
   49069577,15.008, 0.149
   49070076,16.728, 0.069
   68053872,13.938, 0.016
   49040300,,
   49040198,14.160, 0.103
   49069690, 9.620, 0.030
   49039792,,
   49069556,,
   68131578,,
   49040340,13.781, 0.092
   49076657,,
   49078116,16.069, 0.217
   49076499,15.810, 0.092
   49074586,,
   49078010,15.471, 0.126
   68126823,16.652, 0.252
   68126826,15.181, 0.122
   49164432,,
   49074433,,
   49074779,,
   49077681,17.204, 0.275
   49073123,,
   49075471,,
   49072162,15.406, 0.183
   49074624,,
   68131704,15.375, 0.137
   49072492,,
   49072550,13.726, 0.172
   49169665,14.614, 0.080
   49170646,,
  286075177,15.138, 0.126
   49171579,15.127, 0.060
   49169779,,
   49166949,,
   49167896,16.922, 0.103
   49165221,14.229, 0.114
   49171686, 9.013, 0.003
  286072827,,
   49170283,17.076, 1.133
   49170380,,
  286075679,16.204, 0.069
   49165224,15.506, 1.133
   49165337,,
  286075206,,
   49171902,16.938, 1.133
   49171241,15.992, 0.149
  286073001,14.889, 0.080
   49172467,,
   49170836,,
   68168206,16.664, 0.263
   49170434,,
   49173151,,
   49198799,15.645, 0.149
   49197407,,
   49197284,,
   68167990,,
   68167975,11.751, 0.034
   49197712,,
   49202228,,
   49202632,,
   49198039,17.081, 1.133
   49201852,,
   49201347,16.560, 0.103
   49198167,,
   49201928,15.482, 0.092
   49197500,13.160, 0.137
   49202252,16.813, 1.133
   49202644,11.944, 0.057
   49201225,,
   49202262,15.161, 1.030
   49200695,14.091, 0.160
   49202468,13.186, 0.080
   49202701, 7.992, 0.002
   68251926,16.223, 0.137
   49278310,15.991, 0.332
   49205543,,
   49278587,,
   49205075,,
   68249932,15.295, 0.160
   68256634,17.152, 1.133
   68255276, 4.580, 0.030
   49205371,,
   49205106,15.219, 0.137
   49279505,,
   49277876,,
   49277786,,
   68256696,13.446, 0.092
   68251799,16.418, 0.492
   49279877,,
   68250655,,
   49278335,14.186, 0.092
   49324394,14.362, 0.137
   49285343,16.019, 0.080
   68331800,16.042, 0.217
   49323401,,
   49324395,10.964, 0.018
   49323400,13.636, 0.069
   49284394,,
   49285665,11.245, 0.150
   49283568,,
   49324318,,
   49325403,15.990, 0.114
   49322707,,
   49284004,12.196, 0.080
   49284010, 9.280, 0.030
   68332812,14.074, 0.080
   49284601,11.958, 0.057
   49323804,,
   68331071,16.711, 0.137
   49328689,16.021, 0.069
   49401042,,
   49326657,,
   68335603,,
   49401351,,
   49330488,,
   49401114,,
   49401394,,
   68416596,13.734, 0.080
   68416599,14.356, 0.047
   49330604,10.389, 0.011
   49330993,15.075, 0.137
   49325544,15.952, 0.092
   49325542,15.819, 0.114
   68405187,15.608, 0.092
   52483482,16.895, 1.133
   49331029,,
   49327051,,
   49401279,11.764, 0.080
   49328684,15.596, 0.057
   49401718,,
   49401672,14.577, 0.126
   49401699,,
   68336345,15.961, 0.080
   49401696,16.803, 1.133
   49405502,17.066, 1.133
   68504665,15.985, 0.206
   49404969,,
   49409656,,
   49405104,13.265, 0.114
   68504914,15.521, 0.137
   68505142, 6.400, 0.030
   49409828,16.088, 1.133
   68499562, 9.289, 0.003
   68500300,14.978, 0.149
   68504258,15.878, 0.069
   68431895, 7.950, 0.030
   49409604,14.848, 0.051
   49403903,11.580, 0.046
   68502886,,
   68504419,14.728, 0.126
   68502470,,
   49405035,14.067, 0.114
   49408664,11.950, 0.034
   49436709,,
   49436988,15.674, 0.160
   49438213,10.699, 0.015
   49433421,12.947, 0.046
   49437033,16.296, 0.160
   68507378,14.185, 0.103
   49437698,17.175, 1.133
   49433429, 9.611, 0.005
   68506741,,
   49432787,15.768, 1.133
   49436744, 7.718, 0.002
   68558330,,
   49432648,15.207, 0.126
   68508808,,
   68559047,16.026, 0.137
   49437632,,
   49433966,16.019, 0.092
   49432685,16.061, 0.069
   49434726,,
   49438632,15.995, 0.355
   68507762,,
   49507122,16.992, 0.435
   68508975,15.300, 0.103
   68637841,13.803, 0.080
   68567931,14.995, 0.183
   49508320,15.443, 0.034
   49440826,,
   68637794,16.687, 0.160
   68568310,,
   49440853,15.330, 0.069
   68638033,,
   49440268,16.823, 0.286
   68567425,10.972, 0.021
   68638179,,
   68564307,14.348, 0.029
   68638174,,
   68638823, 8.430, 0.002
   49513617,15.124, 0.114
   49439832,,
   49439818, 9.530, 0.030
   49582247,10.200, 0.030
   49584223,14.445, 0.366
   68639221,,
   49584111,13.942, 0.126
   68567242,16.534, 0.298
   49583738,,
   49583432,,
   49584767,,
   49519647,13.874, 1.030
   68642573,14.017, 0.051
   49581701,,
   68641262,,
   49583088,16.122, 0.092
   68643927,,
   49584028,16.161, 0.060
   68642297,10.728, 0.011
   49520714,14.608, 0.252
   49517874,,
   68643769,16.343, 0.103
   49584012,,
   49584695,,
   49518654,,
   49588675,,
   49648623,15.693, 0.183
   98085822,,
   49587748,,
   49587919,,
   98090566,15.964, 0.126
   98089028,16.720, 1.133
   49586143,16.414, 0.057
   98090068,,
   49585759,17.185, 1.133
   49585860,12.219, 0.046
   49587712,21.209, 1.133
   98090411,14.063, 0.126
   49587030,17.197, 0.172
   98089385,16.749, 0.263
   49589831,16.674, 0.160
   49588272,13.319, 0.103
   49586971,15.642, 0.080
   49690864,16.966, 1.133
   49690591,,
   98090412,16.859, 0.320
   98090091,15.529, 0.069
   98087668,13.343, 0.092
   49691194,10.467, 0.008
   98094441,14.143, 0.103
   49691316,16.364, 0.183
   98093739,,
   98093362, 8.390, 0.030
   98094422,,
   98093239, 7.920, 0.030
   98093602,,
   98093383,,
   49655063,,
   98170765,14.761, 1.133
   49690871,,
   98093863,15.312, 0.263
   98094715,14.687, 0.103
   49690548,14.953, 0.149
   98093772,,
   49690573,17.069, 1.133
   98094317,15.491, 0.217
   98093641, 8.873, 0.002
   98170429,12.712, 0.057
   49692151,,
   98171238,,
   98092692,16.402, 0.240
   98094112,,
   98229591, 8.370, 0.030
   98231835,10.079, 0.006
   49692855, 8.680, 0.030
   98231038,17.076, 1.133
   98231536,,
   49692275,14.007, 0.080
   98229629,,
   49695352,16.367, 0.183
   49694564,17.139, 1.133
   49744550,17.067, 1.133
   49745515,15.749, 0.252
   98231712,,
   49745820,,
   49745437,16.592, 0.309
   98294607,15.363, 1.030
   98294533,17.115, 1.133
   98234544,15.969, 0.183
   98235287,17.065, 1.133
   98233674,17.022, 0.389
   98234549,15.999, 0.183
   98234182,14.752, 0.092
   98233843,16.909, 1.133
   98236021,16.465, 0.606
   98233733,,
   98234684,15.941, 0.275
   98236038,,
   98234676,17.160, 1.133
   98234678,,
   98296603,16.030, 1.133
   98377644,10.310, 0.007
   98373672,14.228, 0.059
   98305663,,
   52795275,,
   98375885,,
   98372245,,
   98373550,15.857, 1.133
   98305034,10.307, 0.007
   98375037,,
   49815038,,
   49815071,16.134, 0.252
   49815088,14.641, 0.048
   98468284,,
   49868474,16.469, 0.149
   49866993,16.151, 0.904
   98475481,15.859, 0.103
   49916378,,
   49914991, 9.090, 0.030
   49916565,11.321, 0.044
   49916264,,
   49974963,13.606, 0.080
   49974584,16.733, 0.160
   49974334,15.482, 0.047
   49973993,17.259, 1.133
   49975118,16.735, 0.183
   49974798,12.480, 0.046
   49972370,,
   49973464,,
   49971208,,
   49973687,,
   49977090, 7.360, 0.030
   49974341,16.321, 0.126
   49973180,,
   52899070,12.236, 0.034
   49976967,16.807, 1.133
   50058082,,
   50061045,15.898, 0.114
   50060196,15.016, 0.092
   50061696,,
   50059657,13.915, 0.080
   50059756, 8.580, 0.030
   52961455,12.743, 0.069
  420918757,15.701, 0.217
   50059893,16.528, 0.229
   50061744,15.708, 1.133
   50059565,16.709, 0.126
  457964961,15.280, 0.172
  457962597,,
  457965074,12.705, 0.080
   50064359, 9.000, 0.030
   50063933,14.968, 0.149
   50091529,12.615, 0.069
  322928171,,
  322928422, 8.462, 0.046
  322928746,16.848, 1.133
  322929425,,
  322928252,,
   50064258,15.139, 1.133
   50064226,,
   50098545,15.172, 1.133
  322926679,,
   50097553, 8.620, 0.030
  322926684,,
   50098851,13.820, 0.229
  322928241,15.543, 0.183
   50096642,,
  322929476,13.587, 0.057
  391993423,,
   50097668,16.145, 0.137
   50098878,,
  391989028, 9.371, 0.004
  391987874,15.244, 0.309
   50175254,12.416, 0.046
  391992496,,
   50173633,16.483, 0.252
  391991486,,
   50172442,,
   50174352,15.006, 0.092
   50174230,15.920, 0.069
  391995932,14.284, 0.057
   50173902,16.463, 0.092
   50176096,15.758, 0.217
   50173936, 8.650, 0.002
  392036986,13.450, 0.137
   50175191,,
   50171834,13.594, 0.206
  392044713, 9.282, 0.046
  392038114,14.925, 0.103
  392036914,,
  202876798,,
  392042463,15.181, 0.297
  392036979,,
  202875129,14.485, 1.133
  202876323,,
  202873193,14.726, 0.047
  203059167,16.235, 0.263
  203059951,,
  202875310,15.963, 0.057
  392102412,15.393, 0.072
  203063509,15.776, 0.080
  392097159,12.547, 0.080
  203066552,,
  392102549,14.102, 0.286
  203065123,,
  392100786,14.745, 0.025
  203063355,11.954, 0.023
  203058723,16.552, 0.172
  392170833,,
  203243617,14.444, 0.092
  413551134,14.953, 0.206
  392169310,,
  392247682,11.590, 0.021
  203245557,,
  392169961,,
  203239070,12.878, 0.046
  392322718,11.137, 0.013
  203442128,,
  392250116,,
  203446063,15.914, 0.046
  392253157,16.286, 0.103
  392258943,12.717, 0.160
  392252354,14.429, 0.080
  203445983,,
  392258627,15.148, 0.229
  392251211, 9.410, 0.030
  392250526,13.470, 0.114
  203446438,16.815, 0.149
  203442031,16.729, 1.133
  203446135,14.665, 1.133
  392251764,14.470, 0.240
  392328254,11.775, 0.027
  392393323, 8.340, 0.030
  203441652,17.026, 0.114
  203443866,,
  203446128,15.131, 1.030
  203446196, 9.813, 0.005
  203625989,15.960, 1.133
  392398297,,
  203817720,15.362, 0.080
  392395781,12.623, 0.046
  203625653,,
  392397577,15.729, 0.618
  203822330,14.662, 0.057
  392397686,,
  392394968,10.049, 0.007
   98682729,16.855, 1.133
   98686432,13.247, 0.160
  203822566, 9.010, 0.030
  413650565,,
   98685850,15.195, 0.126
  203820463,,
   98686311,13.738, 0.263
   98685720,,
  203822398,14.596, 0.069
  203822414, 7.270, 0.030
  203821956,,
  203823443,,
   98686286,14.337, 0.217
   98687982,13.285, 0.080
   98680512,,
   98730516,16.051, 0.046
   98690271,12.892, 0.092
   98730452,12.874, 0.069
   98689287,13.058, 0.080
  399152648,14.247, 0.080
  204000681,14.392, 0.046
  203995539,14.419, 1.030
  204000531,14.533, 0.021
  203995619,14.406, 1.030
  204000636,16.936, 1.133
  399152364,10.434, 0.007
  399152733,,
  175594111,15.902, 0.126
  175595883,14.763, 0.092
  175591332, 8.630, 0.030
  175596244,14.557, 0.050
  203995518,14.317, 0.114
  204190760,17.183, 0.137
  203999922,,
  204190757,14.668, 0.183
  175592548,,
  175596800,,
  204000421,14.030, 0.034
  175591593,16.120, 0.263
  204380212,,
  175595014,,
  204191054,13.818, 1.030
  175632343,10.468, 0.012
  204382203,,
  175632797,16.921, 0.389
  175629957,15.680, 0.732
  175632758,13.347, 0.069
  175629637,14.461, 1.030
  175629730,14.397, 1.030
  204378938,12.555, 0.017
  175629526,13.355, 1.133
  204382247,,
  175597710,,
  175637609,14.876, 0.183
  175697440,15.559, 1.133
  204378242,11.657, 0.043
  175702715,16.819, 0.309
  175743178,,
  175743348,,
  175703009,15.956, 0.092
  175704151,13.524, 1.030
  175745032,,
  175751670,,
  175747519,,
  175745120,15.969, 1.133
  204576206,,
  175744810,,
  175749712,11.139, 0.012
  175858647,,
  175833014,15.675, 0.114
  175833026,15.740, 0.092
  175860955,,
  204745445,17.001, 0.160
  175864361,16.081, 0.114
  175939896,14.952, 0.055
  323112811,11.079, 0.025
  323022327,,
  323116958, 7.820, 0.030
  323113941,16.665, 0.137
  323112783,16.659, 0.286
  323118129,14.737, 1.030
  323112891,14.419, 0.114
  323184195,,
  323179436,17.046, 0.400
  204797466,14.850, 1.133
  204793055,17.167, 1.133
  204792541,16.674, 0.275
  318442933,15.361, 0.080
  318441519,,
   13230328,13.942, 1.030
  204819321,,
  204819343,16.314, 1.133
  414063071,12.633, 0.092
   13374179,13.763, 1.030
   13373525,,
   13441493,15.891, 0.137
   73061893,13.948, 1.030
  204945667,16.538, 0.103
   72999883,14.487, 0.114
  205016390,12.421, 0.046
  205010781,13.537, 0.046
  414217016,15.656, 1.133
  205060766,17.023, 0.183
  205098050,14.757, 0.057
  205106701,,
   73217080,15.845, 0.149
  205106599,12.829, 0.034
  205172271,17.153, 1.133
  205172381,15.317, 0.092
   73284663,13.488, 0.137
   73427609, 9.428, 0.003
  414400961,15.135, 0.016
   73424502,16.242, 1.133
  205332710,10.138, 0.006
  162131908,10.144, 0.006
   73976496, 9.050, 0.030
